Candidate,Scenario,MoveWeight,DuLimit,IntegralGain,ReferenceAlpha,IAE,ITAE,Overshoot20,Overshoot35,SteadyError,SteadyFluctuation,Score
1,tune_smooth_up,25,0.02,0.04,0.25,0.403690474818297,2.43429724048168,4.24462954242514,2.66679736516168,0.000137373055451362,0.00454475752610606,1.01020405474221
1,tune_reversal,25,0.02,0.04,0.25,0.600779587903953,2.60364565986665,3.8912840338454,2.80108523911786,0.000353942255751805,0.00409922592950251,1.24384302371168
1,tune_high_output,25,0.02,0.04,0.25,0.573873170572168,2.04522855332881,3.50667078721121,2.45904338838265,0.000263830396619702,0.00513764012456563,1.10544775157474
2,tune_smooth_up,35,0.02,0.04,0.2,0.402574892200952,2.405167881459,4.2348170617813,2.44157560109821,0.000225945022226615,0.00459626741470087,0.960647145247335
2,tune_reversal,35,0.02,0.04,0.2,0.596833917400501,2.55500387741512,4.06744451898887,2.52251886729759,0.00015069840801385,0.00417389425165116,1.17375589320022
2,tune_high_output,35,0.02,0.04,0.2,0.569647455691428,1.97094007110973,3.59377318229509,1.68867319389756,0.000125853404896903,0.00504336200104827,0.925440351699282
3,tune_smooth_up,25,0.015,0.04,0.15,0.410415073336031,2.48253985656577,3.97596096122539,1.87318557250792,0.000396636364968228,0.00429275083407743,0.846646703957771
3,tune_reversal,25,0.015,0.04,0.15,0.608476847753422,2.63440512060509,3.95203127347815,2.06282747369929,0.000288411552513468,0.00446084232284016,1.09063380468817
3,tune_high_output,25,0.015,0.04,0.15,0.578228530316386,2.02701986309425,3.62204875938283,1.01412608505915,0.000121054234628049,0.00541854201348735,0.789596948437584
4,tune_smooth_up,40,0.015,0.03,0.15,0.403542524186711,2.39287932784581,4.09664997043296,1.72548352044379,0.000193657074170184,0.00437811212413119,0.799291800958662
4,tune_reversal,40,0.015,0.03,0.15,0.602425889660267,2.58501057400726,4.00796582548233,1.78588065383255,0.000387305705547791,0.00450538032417114,1.02535941052821
4,tune_high_output,40,0.015,0.03,0.15,0.575806592561448,2.00399690776057,3.65349588983371,0.434499504633174,0.000303134791714954,0.00533462546384844,0.77752964051796
